SeqNo, Year, Month, Day, ms, EventCode, Type, Source, EventID, EventSpecificData
0,2018,08,01,48726456,192,System,Diagnosis,0,Self Test Event - Results: Current battery level (%) 0 (UNTESTED) Breathing Sensor Test Result 0 (UNTESTED) Accelerometer Test Result 1 (PASS) Logging Memory Test Result 1 (PASS) Bluetooth Module Test Result 0 (UNTESTED) Apple Authentication Test Result 0 (UNTESTED) Reserved for Test 6 0 (UNTESTED) Reserved for Test 7 0 (UNTESTED) Reserved for Test 8 0 (UNTESTED) Reserved for Test 9 0 (UNTESTED) 
0,2018,08,01,48730081,4096,Physiological,RogAlgorithm,0,ROG status change from Red to Green.
0,2018,08,01,48738081,4096,Physiological,RogAlgorithm,0,ROG status change from Green to Red.
0,2018,08,01,48743080,4096,Physiological,RogAlgorithm,0,ROG status change from Red to Green.
0,2018,08,01,48758081,4096,Physiological,RogAlgorithm,0,ROG status change from Green to Red.
0,2018,08,01,48772081,4096,Physiological,RogAlgorithm,0,ROG status change from Red to Green.
0,2018,08,01,48783081,4160,Physiological,WornDetection,0,Worn status changed from 100% to   0%
0,2018,08,01,48784081,4096,Physiological,RogAlgorithm,0,ROG status change from Green to Invalid.
0,2018,08,01,48815137,4160,Physiological,WornDetection,0,Worn status changed from   0% to 100%
0,2018,08,01,48815461,4160,Physiological,WornDetection,0,Worn status changed from 100% to   0%
0,2018,08,01,48816252,4160,Physiological,WornDetection,0,Worn status changed from   0% to 100%
0,2018,08,01,48816792,4160,Physiological,WornDetection,0,Worn status changed from 100% to   0%
0,2018,08,01,48817284,4160,Physiological,WornDetection,0,Worn status changed from   0% to 100%
0,2018,08,01,48818080,4096,Physiological,RogAlgorithm,0,ROG status change from Invalid to Red.
0,2018,08,01,48819540,4160,Physiological,WornDetection,0,Worn status changed from 100% to   0%
0,2018,08,01,48820081,4096,Physiological,RogAlgorithm,0,ROG status change from Red to Invalid.
0,2018,08,01,48822865,4160,Physiological,WornDetection,0,Worn status changed from   0% to 100%
0,2018,08,01,48823560,4160,Physiological,WornDetection,0,Worn status changed from 100% to   0%
0,2018,08,01,48824328,4160,Physiological,WornDetection,0,Worn status changed from   0% to 100%
0,2018,08,01,48826033,4160,Physiological,WornDetection,0,Worn status changed from 100% to   0%
0,2018,08,01,48827081,4160,Physiological,WornDetection,0,Worn status changed from   0% to 100%
0,2018,08,01,48829080,4096,Physiological,RogAlgorithm,0,ROG status change from Invalid to Green.
0,2018,08,01,48831082,4160,Physiological,WornDetection,0,Worn status changed from 100% to   0%
0,2018,08,01,48831469,4160,Physiological,WornDetection,0,Worn status changed from   0% to 100%
0,2018,08,01,48832153,4160,Physiological,WornDetection,0,Worn status changed from 100% to   0%
0,2018,08,01,48833081,4096,Physiological,RogAlgorithm,0,ROG status change from Green to Invalid.
0,2018,08,01,48833413,4160,Physiological,WornDetection,0,Worn status changed from   0% to 100%
0,2018,08,01,48835081,4096,Physiological,RogAlgorithm,0,ROG status change from Invalid to Green.
0,2018,08,01,48846301,4160,Physiological,WornDetection,0,Worn status changed from 100% to   0%
0,2018,08,01,48847081,4096,Physiological,RogAlgorithm,0,ROG status change from Green to Invalid.
0,2018,08,01,48847082,4160,Physiological,WornDetection,0,Worn status changed from   0% to 100%
0,2018,08,01,48848081,4096,Physiological,RogAlgorithm,0,ROG status change from Invalid to Green.
0,2018,08,01,48849082,4160,Physiological,WornDetection,0,Worn status changed from 100% to   0%
0,2018,08,01,48850081,4096,Physiological,RogAlgorithm,0,ROG status change from Green to Invalid.
0,2018,08,01,48852082,4160,Physiological,WornDetection,0,Worn status changed from   0% to 100%
0,2018,08,01,48856080,4096,Physiological,RogAlgorithm,0,ROG status change from Invalid to Green.
0,2018,08,01,48865721,4160,Physiological,WornDetection,0,Worn status changed from 100% to   0%
0,2018,08,01,48866079,4096,Physiological,RogAlgorithm,0,ROG status change from Green to Invalid.
0,2018,08,01,48866943,4160,Physiological,WornDetection,0,Worn status changed from   0% to 100%
0,2018,08,01,48867081,4096,Physiological,RogAlgorithm,0,ROG status change from Invalid to Green.
0,2018,08,01,48882081,4160,Physiological,WornDetection,0,Worn status changed from 100% to   0%
0,2018,08,01,48882820,4160,Physiological,WornDetection,0,Worn status changed from   0% to 100%
0,2018,08,01,48889312,4160,Physiological,WornDetection,0,Worn status changed from 100% to   0%
0,2018,08,01,48890080,4096,Physiological,RogAlgorithm,0,ROG status change from Green to Invalid.
0,2018,08,01,48890164,4160,Physiological,WornDetection,0,Worn status changed from   0% to 100%
0,2018,08,01,48891080,4096,Physiological,RogAlgorithm,0,ROG status change from Invalid to Green.
0,2018,08,01,48905080,4224,Physiological,HeartRateCalculation,0,Heart rate Reliable changed from False to True
0,2018,08,01,48906080,4224,Physiological,HeartRateCalculation,0,Heart rate Reliable changed from True to False
0,2018,08,01,48908691,4160,Physiological,WornDetection,0,Worn status changed from 100% to   0%
0,2018,08,01,48909079,4096,Physiological,RogAlgorithm,0,ROG status change from Green to Invalid.
0,2018,08,01,48909747,4160,Physiological,WornDetection,0,Worn status changed from   0% to 100%
0,2018,08,01,48910079,4096,Physiological,RogAlgorithm,0,ROG status change from Invalid to Green.
0,2018,08,01,48913080,4224,Physiological,HeartRateCalculation,0,Heart rate Reliable changed from False to True
0,2018,08,01,48914080,4224,Physiological,HeartRateCalculation,0,Heart rate Reliable changed from True to False
0,2018,08,01,48919760,4160,Physiological,WornDetection,0,Worn status changed from 100% to   0%
0,2018,08,01,48920080,4096,Physiological,RogAlgorithm,0,ROG status change from Green to Invalid.
0,2018,08,01,48921092,4160,Physiological,WornDetection,0,Worn status changed from   0% to 100%
0,2018,08,01,48922080,4096,Physiological,RogAlgorithm,0,ROG status change from Invalid to Green.
0,2018,08,01,48944080,4224,Physiological,HeartRateCalculation,0,Heart rate Reliable changed from False to True
0,2018,08,01,48972080,4224,Physiological,HeartRateCalculation,0,Heart rate Reliable changed from True to False
0,2018,08,01,48985580,4160,Physiological,WornDetection,0,Worn status changed from 100% to   0%
0,2018,08,01,48985581,4160,Physiological,WornDetection,0,Worn status changed from   0% to 100%
0,2018,08,01,48986079,4160,Physiological,WornDetection,0,Worn status changed from 100% to   0%
0,2018,08,01,48986079,4096,Physiological,RogAlgorithm,0,ROG status change from Green to Invalid.
0,2018,08,01,48986080,4160,Physiological,WornDetection,0,Worn status changed from   0% to 100%
0,2018,08,01,48986579,4160,Physiological,WornDetection,0,Worn status changed from 100% to   0%
0,2018,08,01,48986580,4160,Physiological,WornDetection,0,Worn status changed from   0% to 100%
0,2018,08,01,48987080,4096,Physiological,RogAlgorithm,0,ROG status change from Invalid to Green.
0,2018,08,01,48987080,4224,Physiological,HeartRateCalculation,0,Heart rate Reliable changed from False to True
0,2018,08,01,48988080,4224,Physiological,HeartRateCalculation,0,Heart rate Reliable changed from True to False
0,2018,08,01,49003079,4224,Physiological,HeartRateCalculation,0,Heart rate Reliable changed from False to True
0,2018,08,01,49303079,4096,Physiological,RogAlgorithm,0,ROG status change from Green to Red.
0,2018,08,01,53723079,4096,Physiological,RogAlgorithm,0,ROG status change from Red to Green.
0,2018,08,01,54263079,4224,Physiological,HeartRateCalculation,0,Heart rate Reliable changed from True to False
0,2018,08,01,54263579,4160,Physiological,WornDetection,0,Worn status changed from 100% to   0%
0,2018,08,01,54263580,4160,Physiological,WornDetection,0,Worn status changed from   0% to 100%
0,2018,08,01,54274079,4224,Physiological,HeartRateCalculation,0,Heart rate Reliable changed from False to True
0,2018,08,01,54279079,4096,Physiological,RogAlgorithm,0,ROG status change from Green to Red.
0,2018,08,01,54280079,4224,Physiological,HeartRateCalculation,0,Heart rate Reliable changed from True to False
0,2018,08,01,54281579,4160,Physiological,WornDetection,0,Worn status changed from 100% to   0%
0,2018,08,01,54281580,4160,Physiological,WornDetection,0,Worn status changed from   0% to 100%
0,2018,08,01,54282079,4160,Physiological,WornDetection,0,Worn status changed from 100% to   0%
0,2018,08,01,54282079,4096,Physiological,RogAlgorithm,0,ROG status change from Red to Invalid.
0,2018,08,01,54282080,4160,Physiological,WornDetection,0,Worn status changed from   0% to 100%
0,2018,08,01,54282579,4160,Physiological,WornDetection,0,Worn status changed from 100% to   0%
0,2018,08,01,54282580,4160,Physiological,WornDetection,0,Worn status changed from   0% to 100%
0,2018,08,01,54283079,4224,Physiological,HeartRateCalculation,0,Heart rate Reliable changed from False to True
0,2018,08,01,54284079,4160,Physiological,WornDetection,0,Worn status changed from 100% to   0%
0,2018,08,01,54284079,4224,Physiological,HeartRateCalculation,0,Heart rate Reliable changed from True to False
0,2018,08,01,54284080,4160,Physiological,WornDetection,0,Worn status changed from   0% to 100%
0,2018,08,01,54286079,4096,Physiological,RogAlgorithm,0,ROG status change from Invalid to Green.
0,2018,08,01,54286079,4224,Physiological,HeartRateCalculation,0,Heart rate Reliable changed from False to True
0,2018,08,01,54286579,4160,Physiological,WornDetection,0,Worn status changed from 100% to   0%
0,2018,08,01,54286580,4160,Physiological,WornDetection,0,Worn status changed from   0% to 100%
0,2018,08,01,54287079,4160,Physiological,WornDetection,0,Worn status changed from 100% to   0%
0,2018,08,01,54287079,4096,Physiological,RogAlgorithm,0,ROG status change from Green to Invalid.
0,2018,08,01,54287079,4224,Physiological,HeartRateCalculation,0,Heart rate Reliable changed from True to False
0,2018,08,01,54287080,4160,Physiological,WornDetection,0,Worn status changed from   0% to 100%
0,2018,08,01,54287579,4160,Physiological,WornDetection,0,Worn status changed from 100% to   0%
0,2018,08,01,54287580,4160,Physiological,WornDetection,0,Worn status changed from   0% to 100%
0,2018,08,01,54288079,4224,Physiological,HeartRateCalculation,0,Heart rate Reliable changed from False to True
0,2018,08,01,54288579,4160,Physiological,WornDetection,0,Worn status changed from 100% to   0%
0,2018,08,01,54288580,4160,Physiological,WornDetection,0,Worn status changed from   0% to 100%
0,2018,08,01,54289079,4160,Physiological,WornDetection,0,Worn status changed from 100% to   0%
0,2018,08,01,54289079,4224,Physiological,HeartRateCalculation,0,Heart rate Reliable changed from True to False
0,2018,08,01,54290287,4160,Physiological,WornDetection,0,Worn status changed from   0% to 100%
0,2018,08,01,54291847,4160,Physiological,WornDetection,0,Worn status changed from 100% to   0%
0,2018,08,01,54292219,4160,Physiological,WornDetection,0,Worn status changed from   0% to 100%
0,2018,08,01,54292783,4160,Physiological,WornDetection,0,Worn status changed from 100% to   0%
0,2018,08,01,54300080,4160,Physiological,WornDetection,0,Worn status changed from   0% to 100%
0,2018,08,01,54302080,4160,Physiological,WornDetection,0,Worn status changed from 100% to   0%
