Time,RtoR
05/09/2018 10:05:13.428,496
,2173
,510
,1631
,743
,84
,437
,70
,322
,237
,213
,327
,470
,348
,54
,451
,252
,63
,357
,317
,1237
,50
,600
,402
,1703
,125
,1460
,202
,371
,267
,206
,191
,279
,545
,177
,842
,425
,435
,200
,370
,423
,192
,94
,394
,303
,440
,264
,184
,131
,377
,239
,244
,219
,295
,5995
,4711
,3116
,1046
,34
,201
,3384
,1093
,1060
,410
,184
,1713
,801
,173
,343
,567
,552
,670
,4639
,517
,2815
,1333
,652
,636
,635
,632
,639
,561
,214
,2924
,585
,391
,198
,582
,164
,414
,785
,134
,353
,240
,200
,240
,114
,986
,207
,94
,233
,218
,397
,584
,330
,1471
,1846
,7811
,1188
,290
,83
,468
,2972
,531
,55
,412
,817
,681
,79
,1285
,653
,77
,570
,145
,1004
,1981
,65
,3203
,173
,372
,2055
,151
,478
,2043
,396
,230
,315
,177
,150
,400
,205
,220
,188
,440
,49
,398
,77
,283
,276
,191
,3052
,194
,247
,457
,491
,353
,336
,239
,415
,580
,334
,71
,366
,257
,200
,143
,258
,940
,134
,331
,94
,644
,10892
,327
,261
,345
,115
,362
,250
,468
,314
,142
,150
,2970
,4875
,6836
,1284
,622
,1335
,154
,409
,703
,456
,582
,668
,1944
,624
,617
,445
,836
,539
,1212
,622
,714
,547
,621
,635
,621
,386
,862
,146
,900
,718
,72
,722
,489
,959
,115
,233
,505
,701
,556
,660
,78
,2313
,882
,235
,284
,83
,350
,224
,400
,655
,127
,2064
,858
,158
,2729
,379
,187
,1616
,375
,86
,2241
,559
,3749
,800
,2963
,633
,577
,587
,731
,119
,1515
,379
,1377
,74
,583
,583
,331
,820
,580
,678
,475
,567
,127
,442
,928
,167
,3369
,564
,602
,319
,155
,669
,573
,570
,637
,494
,557
,567
,598
,612
,1285
,669
,650
,609
,598
,596
,593
,592
,581
,576
,577
,604
,601
,630
,638
,615
,607
,606
,661
,659
,646
,642
,623
,582
,597
,577
,563
,556
,575
,569
,559
,557
,572
,582
,592
,613
,627
,654
,632
,648
,655
,647
,651
,629
,645
,725
,985
,867
,943
,878
,1044
,1016
,958
,1014
,865
,910
,878
,856
,871
,802
,801
,772
,719
,743
,1023
,807
,798
,913
,879
,843
,929
,888
,894
,944
,883
,942
,978
,860
,818
,1007
,855
,944
,972
,845
,958
,987
,851
,964
,1004
,909
,1033
,994
,855
,915
,875
,841
,858
,801
,772
,871
,868
,733
,773
,853
,785
,1052
,990
,865
,981
,981
,897
,1011
,1024
,928
,969
,937
,894
,1020
,1005
,1019
,972
,865
,986
,982
,875
,947
,942
,817
,906
,984
,894
,855
,940
,960
,1048
,900
,979
,1025
,860
,853
,936
,879
,822
,889
,893
,829
,917
,944
,798
,841
,801
,1052
,989
,957
,1026
,945
,881
,828
,710
,741
,893
,915
,797
,823
,884
,763
,741
,736
,772
,979
,985
,943
,862
,797
,711
,744
,812
,887
,770
,877
,935
,747
,743
,699
,663
,667
,674
,690
,684
,651
,666
,673
,693
,666
,663
,694
,773
,863
,753
,745
,1000
,964
,920
,1002
,1036
,1014
,915
,1034
,961
,1013
,1080
,999
,959
,1017
,980
,944
,949
,871
,861
,907
,805
,766
,830
,832
,807
,1038
,921
,911
,941
,929
,869
,855
,849
,840
,890
,836
,894
,905
,849
,851
,797
,755
,695
,730
,745
,896
,802
,893
,972
,765
,691
,682
,986
,1034
,971
,885
,915
,928
,843
,902
,900
,823
,891
,1021
,932
,995
,1021
,850
,858
,877
,941
,829
,869
,884
,852
,975
,928
,874
,908
,910
,974
,978
,949
,978
,939
,940
,958
,897
,851
,871
,908
,878
,854
,816
,825
,757
,1018
,863
,845
,929
,972
,993
,995
,1014
,1002
,1023
,1018
,994
,920
,971
,957
,898
,933
,977
,1005
,965
,1011
,914
,876
,1001
,1010
,957
,1047
,852
,886
,917
,945
,1020
,1015
,1016
,1005
,940
,858
,772
,738
,902
,1147
,1080
,1074
,1031
,996
,954
,1013
,1067
,1043
,999
,982
,959
,908
,901
,877
,954
,1070
,1028
,973
,906
,851
,826
,751
,752
,814
,1039
,1075
,988
,876
,891
,960
,895
,863
,852
,878
,892
,831
,807
,838
,927
,936
,906
,878
,962
,992
,862
,802
,823
,978
,988
,894
,919
,1002
,1076
,978
,956
,979
,1077
,1014
,922
,1006
,1084
,988
,887
,962
,1007
,942
,908
,951
,1085
,1082
,925
,868
,822
,896
,1047
,1004
,923
,876
,946
,953
,926
,868
,910
,925
,912
,836
,875
,1053
,1054
,951
,885
,852
,915
,1042
,1029
,978
,899
,847
,817
,816
,1070
,1075
,983
,906
,858
,885
,870
,828
,750
,760
,898
,1055
,944
,867
,831
,810
,805
,988
,894
,858
,802
,738
,710
,780
,950
,836
,887
,956
,880
,806
,791
,825
,1022
,890
,841
,972
,938
,878
,846
,853
,925
,1068
,945
,936
,946
,995
,1003
,959
,915
,929
,1005
,974
,900
,845
,796
,784
,1064
,1065
,966
,857
,828
,721
,683
,829
,993
,929
,956
,993
,898
,859
,854
,940
,885
,844
,932
,984
,919
,849
,881
,956
,909
,890
,877
,1002
,1088
,981
,933
,958
,903
,861
,879
,919
,925
,859
,977
,1035
,960
,894
,886
,951
,1009
,875
,852
,847
,920
,994
,931
,861
,899
,946
,939
,853
,813
,775
,980
,949
,894
,1005
,999
,963
,928
,905
,933
,1036
,1015
,981
,950
,928
,1027
,1029
,953
,904
,952
,992
,1014
,939
,993
,1090
,1015
,910
,952
,1011
,951
,1045
,920
,879
,965
,1020
,934
,912
,958
,958
,892
,860
,955
,1049
,1041
,928
,932
,1002
,1091
,1080
,1014
,1001
,1075
,1028
,949
,951
,1052
,1014
,936
,942
,1027
,1035
,979
,933
,927
,1024
,1131
,1121
,971
,1039
,995
,969
,858
,754
,738
,761
,722
,845
,1028
,854
,898
,994
,802
,799
,980
,824
,780
,828
,768
,710
,768
,999
,885
,922
,974
,905
,881
,967
,953
,975
,1048
,989
,995
,1001
,925
,1014
,1023
,919
,914
,942
,909
,898
,979
,968
,885
,901
,869
,926
,912
,806
,801
,790
,714
,796
,798
,757
,819
,797
,714
,713
,713
,672
,674
,720
,704
,707
,772
,807
,734
,769
,783
,777
,746
,791
,903
,757
,699
,659
,675
,728
,1000
,960
,863
,848
,759
,748
,707
,764
,762
,760
,896
,984
,846
,877
,855
,794
,787
,818
,811
,757
,810
,834
,785
,804
,838
,778
,779
,755
,781
,767
,866
,935
,786
,844
,820
,752
,785
,932
,801
,881
,917
,778
,823
,941
,797
,811
,902
,830
,839
,862
,802
,807
,830
,819
,789
,816
,785
,766
,770
,799
,743
,767
,778
,750
,743
,764
,736
,715
,759
,743
,711
,771
,811
,794
,801
,839
,789
,738
,759
,755
,716
,743
,849
,1004
,784
,709
,708
,814
,1001
,976
,865
,863
,793
,741
,696
,717
,725
,718
,715
,759
,736
,723
,722
,728
,732
,708
,737
,735
,709
,692
,702
,694
,675
,680
,688
,685
,701
,706
,702
,688
,695
,701
,715
,694
,710
,704
,684
,692
,721
,713
,676
,683
,702
,711
,698
,743
,756
,727
,737
,747
,715
,709
,699
,736
,727
,698
,679
,647
,659
,657
,670
,692
,704
,695
,712
,749
,711
,706
,720
,759
,717
,785
,811
,797
,784
,785
,779
,706
,698
,689
,690
,663
,693
,714
,755
,704
,805
,785
,725
,738
,715
,682
,705
,709
,711
,683
,720
,766
,712
,694
,716
,722
,714
,753
,767
,736
,721
,738
,765
,719
,713
,723
,744
,715
,797
,748
,717
,729
,798
,739
,749
,776
,747
,707
,737
,817
,830
,815
,865
,832
,813
,823
,820
,803
,872
,774
,740
,732
,722
,705
,741
,799
,978
,1060
,950
,850
,812
,768
,766
,703
,691
,720
,718
,699
,738
,745
,727
,753
,760
,762
,741
,776
,765
,716
,758
,732
,714
,827
,839
,760
,815
,826
,731
,737
,745
,749
,719
,862
,993
,784
,828
,883
,822
,755
,758
,734
,694
,722
,723
,700
,693
,703
,698
,682
,725
,733
,719
,714
,753
,726
,705
,707
,692
,696
,688
,702
,702
,680
,711
,760
,724
,781
,1059
,908
,921
,934
,823
,810
,791
,702
,727
,795
,1037
,935
,980
,873
,834
,863
,843
,818
,897
,945
,830
,796
,778
,760
,789
,959
,822
,832
,959
,872
,853
,931
,923
,852
,952
,962
,874
,978
,975
,885
,865
,974
,805
,818
,745
,716
,754
,811
,906
,770
,769
,799
,956
,852
,830
,907
,891
,766
,795
,893
,777
,793
,970
,818
,787
,875
,1043
,912
,955
,1060
,943
,1072
,1108
,1061
,1092
,962
,1031
,1180
,894
,900
,979
,905
,803
,684
,661
,1039
,1174
,1078
,992
,1080
,1147
,1166
,1075
,1157
,1177
,1123
,1130
,1191
,1074
,979
,1049
,1093
,953
,1118
,1130
,978
,1030
,1153
,1106
,1041
,1086
,1182
,1108
,947
,924
,1044
,1099
,1000
,1005
,1086
,1052
,928
,869
,991
,1136
,1075
,964
,1022
,1145
,1096
,933
,981
,1047
,946
,906
,1028
,1081
,975
,957
,1018
,1096
,1023
,957
,977
,1038
,953
,978
,1027
,980
,865
,878
,1079
,1098
,950
,944
,1065
,1023
,902
,977
,1011
,950
,893
,985
,1044
,1027
,960
,965
,912
,936
,982
,944
,847
,886
,912
,959
,886
,941
,958
,868
,801
,764
,777
,945
,936
,991
,1044
,927
,881
,954
,992
,878
,819
,852
,949
,983
,940
,923
,1005
,1003
,915
,884
,996
,1016
,968
,1038
,1016
,890
,940
,991
,1002
,919
,1002
,1048
,913
,959
,1036
,1012
,938
,967
,1016
,915
,867
,866
,1017
,1065
,1001
,948
,998
,987
,897
,962
,1028
,952
,902
,999
,999
,929
,949
,1034
,1003
,934
,989
,1041
,930
,944
,1054
,1122
,1027
,936
,1005
,990
,905
,890
,836
,812
,754
,812
,1026
,882
,925
,990
,931
,908
,1016
,1019
,918
,1004
,1072
,935
,987
,1046
,1007
,877
,906
,1039
,1023
,881
,931
,1034
,1035
,1052
,1010
,974
,858
,929
,992
,919
,900
,932
,967
,905
,897
,949
,985
,873
,914
,948
,920
,854
,908
,1006
,937
,828
,890
,1001
,918
,928
,1017
,917
,847
,853
,829
,858
,873
,1054
,1098
,920
,918
,982
,954
,879
,878
,938
,965
,888
,970
,1000
,977
,942
,1048
,905
,829
,770
,720
,672
,671
,695
,863
,799
,718
,701
,716
,721
,684
,669
,673
,673
,654
,631
,618
,614
,608
,609
,658
,709
,786
,779
,802
,731
,697
,742
,1020
,998
,946
,916
,1046
,983
,953
,1137
,1069
,971
,1027
,1087
,912
,990
,1038
,932
,954
,1022
,959
,913
,1014
,978
,877
,864
,842
,1071
,889
,1007
,1045
,959
,888
,954
,1059
,1005
,955
,1083
,965
,1042
,1000
,955
,1003
,918
,921
,913
,841
,743
,777
,797
,769
,781
,834
,846
,789
,802
,804
,748
,719
,753
,858
,986
,894
,909
,788
,773
,708
,683
,660
,667
,691
,731
,886
,1006
,851
,904
,890
,886
,867
,857
,871
,764
,791
,834
,908
,859
,1040
,1060
,989
,975
,1024
,955
,928
,939
,954
,854
,966
,1056
,1033
,1027
,1039
,907
,908
,973
,969
,956
,946
,912
,905
,956
,916
,963
,991
,918
,911
,995
,1029
,974
,992
,898
,942
,974
,924
,968
,993
,884
,940
,889
,777
,758
,776
,765
,739
,832
,805
,723
,726
,753
,707
,689
,697
,715
,684
,729
,786
,748
,703
,715
,737
,681
,684
,722
,753
,746
,947
,1027
,867
,855
,989
,1052
,977
,1047
,913
,887
,1069
,1022
,960
,1058
,927
,947
,1059
,1018
,1001
,1049
,905
,954
,977
,853
,940
,1061
,940
,1090
,1071
,904
,1021
,1059
,882
,935
,982
,813
,972
,878
,825
,999
,998
,1036
,1067
,899
,958
,1050
,913
,1032
,1037
,905
,969
,1055
,907
,994
,1078
,978
,1021
,1138
,1004
,1142
,1017
,991
,1020
,881
,998
,890
,909
,935
,814
,877
,828
,728
,990
,905
,844
,987
,896
,939
,964
,830
,894
,916
,820
,849
,891
,782
,971
,968
,847
,862
,893
,809
,895
,852
,819
,930
,872
,821
,883
,835
,858
,932
,855
,952
,908
,831
,880
,895
,799
,966
,982
,888
,1067
,950
,995
,1061
,900
,934
,1017
,1048
,966
,991
,961
,865
,954
,881
,833
,952
,1046
,903
,901
,926
,838
,936
,949
,875
,958
,935
,989
,1104
,1031
,977
,998
,887
,915
,982
,988
,858
,973
,932
,859
,998
,1078
,909
,1041
,1136
,1014
,989
,1066
,984
,916
,1013
,964
,984
,1125
,1052
,1022
,1086
,950
,941
,1062
,1049
,1014
,1065
,972
,989
,1036
,936
,877
,919
,978
,885
,956
,1004
,887
,986
,1041
,955
,953
,1018
,887
,860
,984
,1019
,935
,1012
,988
,833
,723
,676
,703
,1114
,1113
,1099
,1080
,1025
,923
,785
,766
,803
,775
,721
,753
,780
,896
,761
,839
,882
,801
,983
,1024
,900
,977
,921
,839
,911
,909
,832
,870
,857
,763
,803
,879
,814
,882
,948
,832
,855
,786
,765
,989
,935
,881
,939
,907
,867
,879
,814
,752
,768
,824
,752
,818
,904
,838
,791
,831
,922
,785
,926
,1051
,842
,872
,906
,818
,878
,993
,983
,920
,992
,999
,888
,913
,1015
,1011
,963
,1019
,940
,869
,975
,936
,861
,1000
,1022
,890
,969
,987
,875
,969
,926
,860
,948
,901
,875
,969
,879
,807
,941
,1011
,849
,926
,986
,826
,838
,940
,828
,831
,904
,1027
,974
,814
,779
,711
,691
,687
,771
,966
,847
,826
,905
,943
,889
,932
,1049
,1014
,832
,853
,904
,931
,830
,920
,961
,954
,831
,987
,1006
,861
,903
,949
,868
,844
,951
,974
,857
,946
,962
,891
,943
,807
,745
,729
,730
,772
,822
,783
,741
,709
,694
,668
,657
,713
,1010
,965
,922
,1082
,1113
,1051
,971
,1008
,1074
,1083
,1004
,1094
,1078
,950
,992
,1115
,1140
,976
,1059
,1154
,1079
,1005
,1025
,965
,847
,896
,1005
,884
,885
,1025
,1094
,874
,893
,952
,870
,888
,1050
,1056
,907
,967
,1096
,1009
,961
,1001
,1029
,865
,849
,966
,1083
,1019
,1043
,1073
,1006
,952
,1044
,1135
,1144
,1008
,1070
,1113
,1020
,945
,1011
,1148
,1090
,996
,1073
,1105
,1049
,961
,1087
,1124
,941
,910
,1044
,1087
,965
,1073
,1030
,925
,1016
,988
,887
,953
,1029
,893
,980
,1037
,892
,864
,961
,998
,1037
,1089
,1033
,887
,955
,959
,882
,802
,841
,973
,883
,883
,994
,1123
,977
,1005
,1017
,918
,946
,983
,916
,1018
,995
,903
,972
,1006
,959
,1097
,1096
,994
,1109
,1115
,996
,1173
,1114
,933
,1030
,1163
,1061
,953
,1066
,1025
,1053
,1158
,1034
,907
,997
,1136
,1020
,1081
,1154
,1029
,1033
,1142
,1037
,969
,1047
,1001
,937
,1027
,1048
,944
,1014
,1043
,919
,935
,1014
,966
,874
,1017
,1123
,980
,995
,1072
,1080
,1023
,1103
,1090
,997
,1100
,1104
,980
,1026
,1089
,1086
,1037
,1147
,1083
,972
,959
,1061
,1000
,926
,1119
,1098
,960
,1124
,1077
,948
,1099
,1101
,977
,1087
,1076
,965
,1063
,1091
,978
,950
,1062
,1141
,954
,977
,887
,811
,744
,789
,1211
,1031
,954
,787
,730
,705
,673
,660
,654
,656
,653
,646
,633
,627
,624
,618
,616
,608
,606
,598
,597
,593
,590
,585
,592
,641
,687
,654
,645
,624
,611
,617
,639
,653
,650
,651
,717
,983
,899
,827
,962
,1021
,882
,927
,1046
,880
,856
,995
,881
,920
,875
,822
,880
,1085
,990
,855
,835
,756
,721
,781
,1055
,892
,859
,1036
,1034
,897
,992
,975
,894
,1025
,1020
,894
,1051
,1104
,1102
,1101
,963
,990
,1076
,978
,1028
,1079
,963
,1031
,1098
,961
,999
,1123
,958
,1035
,1169
,995
,1013
,1091
,921
,1068
,1113
,945
,1057
,1107
,944
,1026
,1128
,1079
,951
,985
,1012
,902
,1071
,1037
,974
,1145
,1174
,1021
,1084
,1131
,1026
,965
,1111
,1141
,964
,944
,925
,833
,826
,1095
,1060
,939
,1099
,1040
,898
,918
,1011
,920
,889
,954
,910
,837
,906
,904
,976
,1025
,1086
,1097
,991
,1060
,1021
,1022
,1087
,1084
,1051
,1087
,1040
,1057
,1108
,983
,966
,1081
,941
,973
,1055
,980
,937
,1046
,938
,915
,1015
,901
,867
,1014
,1081
,1032
,1065
,1031
,963
,1080
,1014
,871
,905
,936
,887
,1074
,1109
,1026
,1120
,1084
,931
,1025
,1026
,919
,955
,929
,781
,692
,701
,696
,684
,828
,1114
,1105
,1007
,903
,955
,975
,836
,913
,1016
,953
,1011
,1052
,1004
,958
,1147
,1057
,862
,919
,1248
,1213
,954
,1116
,1142
,933
,974
,1057
,885
,790
,743
,1021
,854
,854
,886
,754
,727
,738
,757
,701
,704
,726
,719
,714
,785
,877
,792
,787
,780
,738
,747
,843
,860
,800
,913
,799
,739
,807
,1038
,872
,818
,877
,913
,805
,921
,863
,811
,908
,988
,883
,906
,837
,758
,863
,948
,844
,988
,897
,826
,869
,834
,749
,954
,1031
,920
,1013
,900
,876
,970
,908
,840
,862
,812
,768
,808
,785
,777
,884
,908
,830
,942
,811
,830
,1004
,855
,860
,943
,922
,849
,974
,911
,895
,971
,886
,842
,915
,966
,980
,1123
,999
,1069
,1088
,950
,1022
,1019
,855
,942
,1043
,898
,964
,990
,855
,908
,958
,863
,914
,907
,839
,885
,887
,795
,853
,907
,825
,929
,1017
,850
,907
,901
,843
,989
,993
,879
,966
,1025
,870
,930
,1072
,935
,962
,954
,843
,918
,978
,899
,877
,1058
,941
,934
,1000
,943
,841
,901
,983
,973
,1080
,854
,831
,858
,831
,766
,844
,970
,822
,893
,932
,849
,932
,962
,909
,937
,922
,848
,803
,870
,950
,876
,956
,1015
,877
,921
,987
,869
,956
,976
,914
,1044
,1053
,905
,1006
,962
,848
,933
,993
,841
,883
,890
,821
,759
,727
,737
,719
,674
,679
,684
,696
,673
,707
,779
,819
,776
,896
,965
,800
,869
,846
,769
,826
,925
,884
,822
,917
,945
,886
,1026
,1039
,945
,1018
,1012
,898
,917
,889
,796
,862
,1010
,815
,937
,897
,828
,952
,918
,832
,763
,713
,243
,486
,730
,707
,693
,671
,662
,646
,636
,619
,604
,581
,575
,572
,570
,565
,561
,565
,579
,598
,608
,597
,599
,622
,651
,688
,670
,884
,1029
,883
,799
,972
,838
,961
,1000
,843
,916
,1021
,879
,1011
,913
,983
,1017
,916
,946
,1001
,865
,936
,890
,859
,905
,827
,863
,955
,849
,941
,913
,853
,1064
,998
,1060
,1018
,978
,999
,878
,1040
,1041
,951
,1055
,918
,1027
,1055
,897
,925
,807
,797
,1095
,887
,979
,1078
,958
,1036
,1021
,1023
,1050
,920
,1006
,1015
,862
,936
,920
,880
,1017
,931
,897
,934
,899
,992
,1059
,1051
,1098
,1067
,849
,755
,769
,849
,877
,868
,1063
,902
,940
,960
,867
,879
,1108
,939
,889
,1034
,977
,978
,1123
,1120
,1129
,1132
,987
,1007
,918
,781
,840
,930
,844
,986
,881
,799
,813
,808
,762
,954
,875
,781
,864
,890
,808
,911
,1039
,876
,975
,979
,855
,918
,837
,783
,898
,970
,852
,1032
,1035
,996
,946
,869
,852
,741
,688
,664
,764
,1057
,837
,919
,888
,801
,751
,713
,699
,707
,716
,707
,706
,675
,673
,681
,712
,688
,665
,683
,715
,770
,747
,865
,1021
,802
,833
,996
,980
,951
,994
,891
,870
,943
,880
,867
,967
,1029
,917
,1022
,1022
,942
,924
,1056
,876
,955
,1143
,984
,1048
,1142
,934
,1016
,1056
,934
,1084
,1139
,900
,947
,859
,801
,793
,1022
,1084
,995
,865
,927
,1016
,1016
,918
,881
,825
,885
,890
,799
,1004
,1140
,1130
,1019
,1080
,1127
,1072
,1013
,1152
,1119
,1010
,1170
,1142
,1059
,1140
,1007
,1033
,1173
,1077
,939
,1062
,979
,902
,1086
,1118
,1044
,1165
,1098
,928
,1040
,1116
,972
,1133
,1216
,1106
,998
,1129
,1109
,1122
,1178
,1103
,1102
,1134
,1086
,1003
,1095
,1115
,1012
,1092
,1123
,988
,1062
,983
,965
,1125
,1156
,1062
,1131
,1088
,895
,931
,980
,870
,859
,966
,1029
,856
,934
,778
,727
,694
,769
,1089
,1026
,866
,889
,925
,1005
,990
,939
,970
,930
,829
,802
,732
,1115
,1172
,1097
,1003
,951
,987
,959
,960
,899
,1041
,984
,876
,1003
,1063
,883
,947
,1032
,928
,984
,1130
,1052
,1030
,1059
,962
,1070
,1087
,972
,975
,1139
,1070
,1083
,1048
,874
,867
,898
,895
,907
,999
,1076
,903
,966
,889
,905
,1073
,1093
,956
,965
,1073
,1056
,1087
,1092
,1071
,1017
,1163
,1165
,1073
,1129
,1121
,1029
,1148
,1142
,1005
,1125
,1108
,1013
,1153
,1104
,1004
,1084
,1021
,1002
,1164
,1032
,1036
,1147
,995
,1069
,1147
,1008
,1061
,1122
,984
,985
,1093
,1009
,1030
,1138
,1066
,978
,1101
,1104
,982
,1094
,992
,960
,1044
,969
,829
,883
,1002
,782
,732
,695
,784
,829
,808
,720
,693
,690
,683
,671
,670
,649
,634
,623
,614
,609
,612
,619
,608
,596
,620
,667
,731
,737
,732
,742
,753
,720
,793
,944
,988
,948
,799
,851
,956
,950
,1148
,1046
,977
,977
,1071
,1028
,874
,953
,1148
,1094
,1002
,1107
,1073
,1003
,1131
,1104
,986
,1087
,1015
,983
,1142
,1111
,1070
,1155
,1089
,1137
,1166
,1007
,1113
,1192
,989
,1146
,1153
,1028
,1140
,1029
,1097
,1173
,1024
,1099
,1192
,1070
,1004
,1156
,1152
,945
,933
,960
,782
,736
,757
,976
,772
,761
,774
,801
,759
,800
,1013
,1028
,1012
,1122
,885
,938
,1028
,922
,944
,941
,848
,787
,816
,970
,908
,1045
,1053
,867
,905
,856
,984
,874
,931
,966
,938
,945
,1040
,1062
,877
,946
,1038
,945
,968
,1016
,891
,845
,1040
,1253
,1106
,974
,1043
,1065
,996
,888
,1017
,1102
,991
,969
,1043
,1016
,902
,1025
,1079
,935
,1013
,1069
,920
,1001
,1094
,948
,963
,1045
,991
,894
,1026
,1089
,917
,1015
,1098
,973
,973
,999
,1002
,873
,991
,1039
,940
,1072
,1055
,863
,974
,1045
,829
,940
,1149
,984
,887
,1011
,1093
,883
,936
,991
,840
,909
,934
,874
,869
,1066
,1036
,984
,1061
,990
,959
,950
,822
,723
,720
,763
,725
,721
,702
,741
,729
,696
,682
,667
,660
,653
,634
,623
,614
,605
,602
,594
,586
,577
,582
,586
,586
,596
,595
,616
,642
,640
,641
,684
,664
,810
,1082
,1098
,890
,979
,1138
,957
,914
,1090
,1025
,982
,1130
,1068
,1009
,1029
,902
,787
,807
,914
,824
,865
,1162
,1091
,1049
,1079
,985
,984
,1073
,1037
,1017
,1127
,1013
,948
,946
,783
,764
,873
,852
,758
,745
,739
,792
,814
,796
,880
,824
,759
,767
,805
,832
,791
,801
,1016
,923
,823
,977
,1041
,1112
,876
,801
,842
,839
,949
,947
,820
,821
,950
,865
,920
,949
,961
,1013
,986
,903
,897
,891
,876
,820
,880
,850
,854
,996
,977
,900
,979
,986
,841
,903
,892
,843
,934
,968
,866
,922
,934
,841
,845
,843
,794
,817
,866
,790
,833
,937
,931
,806
,879
,958
,870
,944
,964
,829
,918
,977
,835
,885
,853
,787
,916
,895
,806
,766
,800
,827
,758
,814
,832
,763
,786
,781
,730
,743
,758
,722
,717
,748
,758
,715
,719
,780
,834
,824
,864
,957
,907
,867
,959
,1034
,966
,1034
,941
,810
,922
,946
,869
,1064
,1071
,1000
,1033
,1010
,889
,904
,819
,788
,880
,895
,819
,924
,910
,793
,813
,892
,824
,841
,903
,903
,890
,907
,945
,850
,939
,890
,829
,843
,821
,783
,774
,808
,833
,787
,859
,922
,910
,886
,947
,861
,827
,819
,791
,750
,778
,827
,792
,780
,910
,947
,879
,930
,923
,811
,785
,785
,767
,738
,763
,773
,727
,844
,792
,742
,720
,702
,684
,665
,649
,642
,651
,700
,710
,764
,984
,972
,952
,1010
,947
,811
,780
,811
,912
,875
,791
,837
,1015
,828
,857
,1072
,1082
,1044
,1016
,914
,981
,955
,856
,887
,987
,971
,957
,1033
,1000
,977
,1039
,948
,873
,941
,941
,867
,964
,1109
,967
,1016
,1027
,927
,970
,921
,854
,960
,944
,926
,978
,865
,895
,924
,867
,890
,881
,812
,839
,871
,796
,750
,790
,911
,894
,821
,892
,935
,883
,920
,992
,915
,889
,1032
,930
,903
,978
,995
,897
,936
,965
,1142
,1015
,997
,1009
,901
,977
,998
,887
,942
,1011
,888
,956
,952
,882
,845
,950
,909
,823
,963
,967
,845
,872
,934
,911
,990
,1051
,826
,736
,680
,662
,676
,676
,677
,676
,694
,1384
,685
,673
,665
,642
,624
,609
,586
,581
,565
,558
,562
,579
,657
,693
,716
,705
,749
,1025
,1103
,1115
,1005
,991
,1086
,1080
,949
,1002
,1079
,1038
,928
,1064
,1128
,1109
,1206
,1184
,1036
,1089
,1172
,1075
,1114
,1133
,982
,1075
,1164
,1079
,1175
,1210
,1052
,1146
,1173
,982
,1117
,1103
,936
,1108
,1234
,1054
,1136
,1162
,954
,982
,973
,838
,973
,1079
,865
,898
,908
,842
,1110
,1124
,953
,1004
,1016
,972
,1023
,977
,856
,846
,821
,841
,1048
,1077
,936
,1054
,1133
,973
,1053
,1015
,937
,1063
,1017
,902
,1016
,1155
,1010
,892
,1034
,1066
,864
,882
,1102
,1116
,973
,1005
,1014
,1048
,1235
,1188
,1061
,1119
,987
,1043
,1144
,1060
,1058
,1176
,1142
,1047
,1174
,1163
,1001
,1119
,1146
,1154
,1141
,1184
,1139
,1149
,1144
,974
,1055
,1185
,1088
,1169
,1230
,1035
,1106
,1149
,955
,1098
,1103
,986
,1066
,993
,879
,956
,870
,821
,875
,800
,765
,897
,890
,792
,816
,841
,748
,806
,925
,828
,883
,954
,838
,903
,879
,807
,943
,907
,850
,933
,898
,861
,941
,899
,909
,910
,841
,883
,938
,859
,944
,966
,943
,1024
,1112
,1002
,959
,887
,877
,948
,907
,941
,1056
,964
,1056
,940
,851
,910
,869
,881
,973
,876
,932
,986
,909
,1049
,912
,860
,926
,875
,906
,1024
,898
,862
,1007
,912
,970
,969
,928
,1081
,911
,970
,1031
,917
,901
,907
,818
,756
,689
,714
,725
,736
,702
,720
,802
,805
,752
,917
,992
,862
,919
,917
,848
,923
,853
,858
,921
,867
,890
,986
,985
,1035
,952
,885
,1002
,898
,952
,963
,840
,926
,956
,892
,994
,943
,936
,1065
,997
,995
,926
,849
,862
,998
,857
,847
,861
,745
,786
,784
,753
,1020
,1068
,916
,950
,896
,929
,986
,859
,896
,989
,860
,958
,1039
,1036
,1072
,968
,1014
,1098
,951
,1031
,1012
,909
,1017
,1022
,965
,998
,940
,946
,938
,875
,894
,868
,801
,917
,918
,868
,993
,846
,816
,942
,856
,896
,1103
,926
,874
,894
,902
,858
,935
,930
,898
,965
,880
,825
,938
,832
,866
,927
,803
,839
,888
,800
,841
,860
,846
,870
,982
,813
,816
,830
,775
,814
,895
,798
,824
,969
,845
,961
,1087
,970
,1050
,973
,1006
,1079
,941
,1008
,962
,798
,728
,698
,724
,698
,686
,674
,664
,650
,639
,647
,649
,637
,622
,634
,673
,752
,881
,881
,762
,781
,864
,892
,976
,1055
,904
,968
,934
,863
,993
,890
,911
,1039
,891
,943
,998
,891
,915
,934
,866
,913
,838
,811
,1005
,897
,861
,899
,855
,857
,922
,824
,919
,956
,837
,941
,903
,847
,898
,908
,838
,944
,900
,866
,902
,840
,827
,832
,753
,687
,691
,725
,778
,785
,921
,889
,836
,865
,837
,778
,833
,836
,786
,1001
,949
,829
,917
,894
,877
,969
,865
,957
,959
,892
,922
,935
,905
,881
,799
,854
,860
,759
,830
,937
,872
,912
,914
,835
,865
,895
,790
,819
,820
,739
,824
,1090
,887
,975
,1002
,883
,903
,893
,820
,878
,913
,867
,925
,955
,866
,869
,907
,849
,885
,965
,870
,884
,915
,799
,807
,807
,752
,835
,965
,886
,946
,941
,862
,870
,808
,753
,806
,825
,774
,871
,963
,806
,850
,797
,745
,799
,824
,780
,903
,805
,800
,915
,818
,853
,932
,808
,887
,1023
,865
,867
,960
,866
,868
,932
,836
,923
,926
,820
,895
,924
,827
,925
,908
,837
,888
,862
,843
,886
,833
,837
,914
,902
,844
,892
,814
,761
,803
,826
,781
,841
,819
,813
,1012
,869
,853
,983
,825
,863
,886
,790
,825
,859
,813
,890
,1020
,958
,1026
,918
,807
,719
,675
,655
,685
,732
,870
,829
,728
,748
,733
,699
,697
,719
,723
,680
,664
,685
,723
,752
,720
,790
,829
,768
,778
,732
,694
,691
,691
,682
,980
,783
,900
,930
,801
,930
,940
,814
,917
,963
,867
,1006
,885
,835
,944
,892
,948
,1098
,953
,998
,881
,836
,823
,851
,770
,1010
,1113
,1005
,1042
,938
,906
,953
,839
,881
,964
,931
,1037
,1066
,989
,1112
,1013
,1019
,1040
,989
,1003
,1054
,998
,1080
,1056
,965
,987
,949
,829
,819
,875
,1071
,992
,928
,943
,889
,907
,883
,815
,889
,999
,903
,867
,1002
,910
,922
,924
,874
,890
,972
,874
,962
,966
,833
,862
,842
,788
,1041
,838
,941
,926
,835
,920
,956
,848
,971
,922
,865
,939
,871
,862
,958
,852
,885
,916
,853
,922
,1020
,853
,925
,1012
,877
,969
,982
,911
,1036
,919
,963
,1022
,849
,913
,957
,849
,885
,1000
,829
,836
,907
,883
,884
,905
,792
,778
,866
,999
,788
,888
,880
,763
,819
,980
,859
,909
,953
,857
,992
,911
,905
,899
,859
,896
,982
,965
,925
,946
,849
,979
,965
,937
,1101
,952
,1060
,1128
,955
,1019
,986
,952
,1077
,967
,932
,978
,926
,904
,1003
,877
,903
,929
,869
,965
,1009
,900
,959
,950
,868
,975
,1004
,960
,1009
,945
,928
,1065
,892
,987
,946
,887
,1005
,1043
,947
,1110
,976
,990
,1058
,924
,985
,1021
,909
,992
,1069
,917
,1166
,1162
,1063
,1053
,1043
,989
,967
,974
,895
,831
,850
,910
,785
,918
,992
,849
,1022
,877
,867
,914
,794
,799
,878
,832
,885
,1011
,866
,866
,889
,777
,744
,720
,889
,819
,978
,959
,864
,959
,938
,911
,955
,854
,881
,1019
,943
,889
,1028
,900
,954
,966
,882
,917
,944
,927
,1000
,937
,889
,952
,903
,912
,946
,916
,933
,991
,858
,925
,928
,859
,973
,973
,867
,951
,1006
,903
,987
,983
,922
,974
,868
,876
,999
,937
,894
,976
,885
,973
,1005
,937
,932
,912
,844
,999
,1091
,982
,1030
,975
,946
,949
,840
,810
,843
,816
,794
,784
,734
,721
,709
,692
,688
,674
,636
,631
,649
,641
,641
,637
,633
,632
,631
,623
,613
,601
,587
,581
,575
,567
,564
,567
,600
,626
,639
,625
,633
,664
,854
,938
,955
,930
,852
,959
,989
,809
,953
,1049
,885
,1080
,988
,1095
,1148
,983
,1063
,994
,919
,1056
,994
,1037
,1003
,903
,934
,868
,959
,999
,859
,989
,948
,908
,1034
,857
,988
,1080
,926
,910
,866
,839
,1071
,1047
,1053
,1033
,1029
,1033
,907
,1046
,958
,940
,1001
,894
,1034
,1040
,974
,1028
,929
,1043
,1129
,1059
,1130
,1070
,1079
,1065
,997
,1040
,1021
,1056
,1091
,951
,1012
,1024
,953
,1023
,993
,1019
,980
,902
,1013
,967
,957
,1087
,961
,974
,936
,903
,1079
,1033
,1052
,1023
,952
,1038
,937
,951
,967
,895
,999
,1070
,875
,971
,875
,900
,1086
,1038
,1105
,1087
,954
,997
,976
,924
,1018
,954
,892
,945
,853
,935
,1066
,914
,1032
,1003
,1009
,1104
,963
,1049
,1021
,975
,995
,849
,971
,975
,875
,853
,744
,960
,950
,922
,969
,917
,857
,906
,884
,830
,962
,967
,993
,1077
,921
,1005
,947
,924
,1109
,946
,1110
,1034
,970
,1102
,936
,1011
,1053
,948
,977
,882
,949
,1030
,899
,927
,982
,926
,1156
,1012
,1033
,1009
,929
,983
,875
,952
,990
,888
,1002
,966
,956
,1064
,855
,909
,975
,914
,1005
,972
,946
,1054
,903
,947
,916
,848
,828
,817
,923
,864
,993
,983
,882
,934
,916
,812
,860
,970
,941
,1020
,1062
,925
,1031
,1002
,945
,1024
,919
,957
,1052
,926
,961
,1008
,984
,1058
,1069
,981
,986
,941
,984
,970
,856
,1024
,922
,994
,1036
,916
,973
,891
,837
,996
,1007
,965
,1121
,934
,980
,984
,937
,1059
,978
,991
,998
,872
,940
,1041
,906
,998
,976
,848
,810
,732
,835
,866
,788
,726
,692
,669
,648
,630
,616
,602
,585
,592
,620
,684
,674
,660
,728
,772
,712
,845
,970
,823
,889
,920
,921
,804
,780
,692
,781
,717
,1016
,1052
,865
,909
,1006
,963
,1070
,1124
,894
,1103
,1122
,946
,1143
,1110
,1101
,1070
,871
,1048
,1046
,1081
,1080
,899
,1043
,1095
,1029
,1140
,1183
,1048
,954
,876
,1039
,1045
,993
,1141
,1050
,1082
,965
,957
,1108
,982
,1104
,1127
,1008
,1142
,1135
,1119
,1186
,981
,1133
,1106
,1112
,1173
,993
,1127
,1170
,975
,1112
,1097
,1024
,1180
,1132
,1043
,1109
,953
,932
,1030
,1023
,1085
,1114
,995
,974
,1138
,1065
,1004
,1128
,1022
,1116
,1165
,993
,1089
,1078
,856
,962
,1229
,1152
,1160
,1191
,1077
,1070
,1086
,988
,1074
,1120
,924
,1048
,1185
,1008
,1177
,1118
,972
,1159
,1142
,953
,1086
,1081
,1058
,1127
,1055
,1019
,1072
,995
,1085
,1129
,1021
,1051
,1040
,920
,1042
,941
,940
,1111
,1163
,1036
,1144
,1044
,978
,1079
,918
,892
,1122
,1105
,957
,1094
,1043
,1065
,1103
,1061
,1081
,1082
,981
,1056
,1158
,1047
,1070
,1166
,1046
,1079
,1139
,1005
,1125
,1147
,1050
,1189
,1070
,1051
,1101
,982
,1038
,1146
,987
,1073
,1166
,945
,1074
,1106
,897
,1040
,1145
,1057
,1125
,1046
,1073
,1174
,1041
,1090
,1137
,1000
,1097
,1070
,1075
,1144
,1011
,1079
,1063
,1041
,1118
,1063
,1073
,1090
,981
,1023
,1103
,1032
,1078
,1091
,950
,1051
,1102
,947
,1094
,1086
,1084
,1114
,984
,978
,1138
,1004
,966
,1136
,1019
,1008
,1057
,1026
,1009
,1055
,895
,968
,1076
,948
,1115
,988
,1145
,1086
,935
,1055
,1003
,949
,1027
,982
,930
,1096
,1030
,1086
,1102
,952
,1021
,1037
,891
,1001
,1069
,932
,1079
,1014
,876
,1079
,1134
,1121
,1163
,969
,1016
,1087
,945
,874
,952
,894
,850
,958
,988
,922
,1048
,1002
,854
,822
,940
,1006
,832
,938
,1017
,1015
,1028
,1090
,970
,1033
,1090
,1009
,918
,772
,757
,977
,821
,883
,1013
,893
,843
,1087
,1126
,916
,952
,1035
,897
,860
,1086
,994
,980
,1119
,997
,916
,791
,718
,831
,1013
,1139
,910
,1038
,1119
,911
,1021
,998
,984
,831
,947
,1144
,1117
,1076
,1102
,994
,1110
,1138
,998
,1062
,1063
,976
,1138
,1042
,977
,1126
,1014
,1115
,1149
,943
,1075
,959
,928
,1161
,1064
,1096
,1106
,925
,1083
,1050
,957
,1093
,990
,1022
,1020
,915
,1010
,1018
,1048
,1041
,881
,883
,1039
,1128
,1068
,1170
,1070
,1102
,1158
,1017
,1136
,1070
,914
,1163
,1162
,1071
,1125
,1041
,961
,1092
,1026
,935
,1067
,1059
,1098
,1108
,947
,1051
,1042
,953
,1081
,1079
,1081
,1140
,1026
,1095
,1108
,918
,1100
,1093
,1115
,1127
,1023
,1014
,1102
,965
,916
,949
,912
,820
,1057
,1168
,955
,967
,1091
,1000
,1000
,1125
,1072
,857
,914
,1052
,1019
,941
,1049
,1099
,934
,1035
,1115
,1075
,1143
,1249
,1178
,1195
,991
,1032
,1066
,951
,1013
,1187
,1065
,960
,1065
,1091
,851
,857
,1058
,1137
,1072
,1091
,917
,1046
,1039
,889
,1043
,1133
,966
,1054
,956
,914
,1076
,1052
,1005
,1027
,841
,956
,1143
,859
,966
,1068
,1100
,1034
,922
,998
,956
,838
,819
,775
,1084
,948
,939
,867
,1110
,973
,1009
,956
,861
,896
,949
,759
,713
,676
,750
,1023
,1159
,1102
,1084
,1009
,849
,791
,847
,753
,707
,667
,648
,623
,602
,599
,641
,848
,804
,757
,690
,684
,679
,760
,762
,701
,705
,732
,799
,793
,834
,935
,921
,751
,758
,1048
,1038
,926
,956
,1005
,902
,1069
,995
,972
,1036
,957
,863
,1032
,1036
,1019
,945
,1079
,1051
,1031
,973
,784
,723
,937
,961
,877
,897
,689
,681
,673
,805
,833
,750
,718
,719
,693
,643
,647
,639
,762
,942
,783
,762
,722
,797
,793
,769
,719
,685
,666
,963
,907
,871
,838
,841
,796
,743
,743
,1089
,794
,925
,976
,968
,955
,957
,885
,864
,831
,815
,903
,852
,767
,805
,733
,711
,1073
,1005
,795
,724
,734
,1022
,906
,911
,849
,800
,703
,1022
,961
,948
,908
,862
,994
,1071
,1080
,1042
,965
,922
,871
,714
,1094
,1070
,1069
,976
,1037
,996
,937
,879
,831
,839
,1004
,1048
,1049
,1081
,1062
,1010
,961
,851
,825
,768
,1130
,1003
,1032
,908
,912
,979
,1022
,1036
,967
,950
,944
,895
,980
,1074
,993
,807
,785
,1117
,1143
,1086
,1035
,1075
,899
,921
,857
,998
,970
,792
,841
,1142
,1110
,1048
,985
,865
,817
,752
,1058
,971
,986
,952
,922
,817
,769
,1041
,823
,804
,877
,1017
,1006
,950
,908
,927
,942
,845
,1028
,1168
,1169
,1218
,1199
,907
,873
,1294
,1219
,1220
,1174
,1069
,1021
,1122
,1085
,1093
,1097
,1204
,1032
,943
,1054
,925
,987
,1096
,1086
,1090
,1082
,940
,981
,1071
,991
,807
,838
,778
,729
,806
,724
,768
,805
,796
,731
,770
,771
,819
,728
,733
,1016
,995
,937
,909
,1046
,1037
,1131
,1152
,1037
,1046
,967
,1001
,1108
,1139
,1063
,1167
,1124
,1029
,974
,1127
,1112
,991
,1113
,1135
,1121
,1099
,1097
,965
,895
,890
,818
,785
,1002
,1167
,1077
,1137
,913
,991
,1123
,903
,1010
,1129
,988
,1065
,1154
,1041
,1182
,1075
,1209
,1079
,1124
,925
,868
,732
,702
,706
,799
,1057
,1015
,1018
,995
,892
,861
,847
,822
,889
,1014
,1103
,1007
,864
,926
,994
,946
,1113
,1173
,1115
,1139
,1138
,1061
,1011
,982
,950
,854
,824
,782
,933
,1191
,1156
,1138
,1141
,979
,1096
,973
,1037
,1076
,939
,1043
,1183
,1129
,953
,1040
,900
,977
,1071
,908
,1010
,1097
,1086
,1006
,1041
,867
,900
,1040
,1061
,987
,1105
,1115
,984
,1021
,1032
,949
,1055
,1044
,976
,1100
,1016
,1013
,1044
,877
,906
,1018
,913
,1009
,1066
,901
,975
,974
,983
,949
,1047
,912
,872
,1008
,999
,1113
,1069
,1144
,1061
,1121
,965
,994
,1058
,1076
,999
,1026
,1053
,1031
,1031
,821
,777
,1066
,976
,931
,858
,803
,783
,746
,712
,707
,703
,685
,686
,704
,792
,1014
,1011
,943
,918
,890
,967
,904
,869
,1033
,929
,873
,953
,963
,901
,960
,774
,395
,343
,689
,680
,658
,620
,612
,611
,623
,610
,200
,988
,2096
,2898
,333
,167
,117
,250
,433
,267
,216
,167
,387
,97
,233
,350
,200
,200
,200
,317
,400
,133
,150
